feature,importance
Social_avoidance,0.10372776261335381
Lightheadedness,0.10369112431330046
Physical_symptoms,0.10256305752800458
Panic_attacks,0.1012381742742305
Excessive_worry,0.09999785194752332
Sleep_difficulty,0.09903031371015839
Nervousness,0.09893033085649094
Concentration_issues,0.09877224226342386
Trouble_relaxing,0.0980942360541321
Impending_doom,0.0939549064393821
